Token Id,Image,Generation,Gender,Purity,Type,Stance,Headwear,Hand Item,Clothes
1,https://pandapandas.s3.us-west-2.amazonaws.com/images/1.png
2,https://pandapandas.s3.us-west-2.amazonaws.com/images/2.png
3,https://pandapandas.s3.us-west-2.amazonaws.com/images/3.png
4,https://pandapandas.s3.us-west-2.amazonaws.com/images/4.png
5,https://pandapandas.s3.us-west-2.amazonaws.com/images/5.png
6,https://pandapandas.s3.us-west-2.amazonaws.com/images/6.png
7,https://pandapandas.s3.us-west-2.amazonaws.com/images/7.png
8,https://pandapandas.s3.us-west-2.amazonaws.com/images/8.png
9,https://pandapandas.s3.us-west-2.amazonaws.com/images/9.png
10,https://pandapandas.s3.us-west-2.amazonaws.com/images/10.png
11,https://pandapandas.s3.us-west-2.amazonaws.com/images/11.png
12,https://pandapandas.s3.us-west-2.amazonaws.com/images/12.png
13,https://pandapandas.s3.us-west-2.amazonaws.com/images/13.png
14,https://pandapandas.s3.us-west-2.amazonaws.com/images/14.png
15,https://pandapandas.s3.us-west-2.amazonaws.com/images/15.png
16,https://pandapandas.s3.us-west-2.amazonaws.com/images/16.png
17,https://pandapandas.s3.us-west-2.amazonaws.com/images/17.png
18,https://pandapandas.s3.us-west-2.amazonaws.com/images/18.png
19,https://pandapandas.s3.us-west-2.amazonaws.com/images/19.png
20,https://pandapandas.s3.us-west-2.amazonaws.com/images/20.png
21,https://pandapandas.s3.us-west-2.amazonaws.com/images/21.png
22,https://pandapandas.s3.us-west-2.amazonaws.com/images/22.png
23,https://pandapandas.s3.us-west-2.amazonaws.com/images/23.png
24,https://pandapandas.s3.us-west-2.amazonaws.com/images/24.png
25,https://pandapandas.s3.us-west-2.amazonaws.com/images/25.png
26,https://pandapandas.s3.us-west-2.amazonaws.com/images/26.png
27,https://pandapandas.s3.us-west-2.amazonaws.com/images/27.png
28,https://pandapandas.s3.us-west-2.amazonaws.com/images/28.png
29,https://pandapandas.s3.us-west-2.amazonaws.com/images/29.png
30,https://pandapandas.s3.us-west-2.amazonaws.com/images/30.png
31,https://pandapandas.s3.us-west-2.amazonaws.com/images/31.png
32,https://pandapandas.s3.us-west-2.amazonaws.com/images/32.png
33,https://pandapandas.s3.us-west-2.amazonaws.com/images/33.png
34,https://pandapandas.s3.us-west-2.amazonaws.com/images/34.png
35,https://pandapandas.s3.us-west-2.amazonaws.com/images/35.png
36,https://pandapandas.s3.us-west-2.amazonaws.com/images/36.png
37,https://pandapandas.s3.us-west-2.amazonaws.com/images/37.png
38,https://pandapandas.s3.us-west-2.amazonaws.com/images/38.png
39,https://pandapandas.s3.us-west-2.amazonaws.com/images/39.png
40,https://pandapandas.s3.us-west-2.amazonaws.com/images/40.png
41,https://pandapandas.s3.us-west-2.amazonaws.com/images/41.png
42,https://pandapandas.s3.us-west-2.amazonaws.com/images/42.png
43,https://pandapandas.s3.us-west-2.amazonaws.com/images/43.png
44,https://pandapandas.s3.us-west-2.amazonaws.com/images/44.png
45,https://pandapandas.s3.us-west-2.amazonaws.com/images/45.png
46,https://pandapandas.s3.us-west-2.amazonaws.com/images/46.png
47,https://pandapandas.s3.us-west-2.amazonaws.com/images/47.png
48,https://pandapandas.s3.us-west-2.amazonaws.com/images/48.png
49,https://pandapandas.s3.us-west-2.amazonaws.com/images/49.png
50,https://pandapandas.s3.us-west-2.amazonaws.com/images/50.png
